This XML file does not appear to have any style information associated with it. The document tree is shown below.
<EntityDescriptor xmlns="urn:oasis:names:tc:SAML:2.0:metadata" entityID="https://idp.ssocircle.com">
<IDPSSODescriptor WantAuthnRequestsSigned="false" protocolSupportEnumeration="urn:oasis:names:tc:SAML:2.0:protocol">
<KeyDescriptor use="signing">
<ds:KeyInfo xmlns:ds="http://www.w3.org/2000/09/xmldsig#">
<ds:X509Data>
<ds:X509Certificate>
MIIEYzCCAkugAwIBAgIDIAZmMA0GCSqGSIb3DQEBCwUAMC4xCzAJBgNVBAYTAkRF MRIwEAYDVQQKDAlTU09DaXJjbGUxCzAJBgNVBAMMAkNBMB4XDTE2MDgwMzE1MDMy M1oXDTI2MDMwNDE1MDMyM1owPTELMAkGA1UEBhMCREUxEjAQBgNVBAoTCVNTT0Np cmNsZTEaMBgGA1UEAxMRaWRwLnNzb2NpcmNsZS5jb20wggEiMA0GCSqGSIb3DQEB AQUAA4IBDwAwggEKAoIBAQCAwWJyOYhYmWZF2TJvm1VyZccs3ZJ0TsNcoazr2pTW cY8WTRbIV9d06zYjngvWibyiylewGXcYONB106ZNUdNgrmFd5194Wsyx6bPvnjZE ERny9LOfuwQaqDYeKhI6c+veXApnOfsY26u9Lqb9sga9JnCkUGRaoVrAVM3yfghv /Cg/QEg+I6SVES75tKdcLDTt/FwmAYDEBV8l52bcMDNF+JWtAuetI9/dWCBe9VTC asAr2Fxw1ZYTAiqGI9sW4kWS2ApedbqsgH3qqMlPA7tg9iKy8Yw/deEn0qQIx8Gl VnQFpDgzG9k+jwBoebAYfGvMcO/BDXD2pbWTN+DvbURlAgMBAAGjezB5MAkGA1Ud EwQCMAAwLAYJYIZIAYb4QgENBB8WHU9wZW5TU0wgR2VuZXJhdGVkIENlcnRpZmlj YXRlMB0GA1UdDgQWBBQhAmCewE7aonAvyJfjImCRZDtccTAfBgNVHSMEGDAWgBTA 1nEA+0za6ppLItkOX5yEp8cQaTANBgkqhkiG9w0BAQsFAAOCAgEAAhC5/WsF9ztJ Hgo+x9KV9bqVS0MmsgpG26yOAqFYwOSPmUuYmJmHgmKGjKrj1fdCINtzcBHFFBC1 maGJ33lMk2bM2THx22/O93f4RFnFab7t23jRFcF0amQUOsDvltfJw7XCal8JdgPU g6TNC4Fy9XYv0OAHc3oDp3vl1Yj8/1qBg6Rc39kehmD5v8SKYmpE7yFKxDF1ol9D KDG/LvClSvnuVP0b4BWdBAA9aJSFtdNGgEvpEUqGkJ1osLVqCMvSYsUtHmapaX3h iM9RbX38jsSgsl44Rar5Ioc7KXOOZFGfEKyyUqucYpjWCOXJELAVAzp7XTvA2q55 u31hO0w8Yx4uEQKlmxDuZmxpMz4EWARyjHSAuDKEW1RJvUr6+5uA9qeOKxLiKN1j o6eWAcl6Wr9MreXR9kFpS6kHllfdVSrJES4ST0uh1Jp4EYgmiyMmFCbUpKXifpsN WCLDenE3hllF0+q3wIdu+4P82RIM71n7qVgnDnK29wnLhHDat9rkC62CIbonpkVY mnReX0jze+7twRanJOMCJ+lFg16BDvBcG8u0n/wIDkHHitBI7bU1k6c6DydLQ+69 h8SCo6sO9YuD+/3xAGKad4ImZ6vTwlB4zDCpu6YgQWocWRXE+VkOb+RBfvP755PU aLfL63AFVlpOnEpIio5++UjNJRuPuAA=
</ds:X509Certificate>
</ds:X509Data>
</ds:KeyInfo>
</KeyDescriptor>
<KeyDescriptor use="encryption">
<ds:KeyInfo xmlns:ds="http://www.w3.org/2000/09/xmldsig#">
<ds:X509Data>
<ds:X509Certificate>
MIIEYzCCAkugAwIBAgIDIAZmMA0GCSqGSIb3DQEBCwUAMC4xCzAJBgNVBAYTAkRF MRIwEAYDVQQKDAlTU09DaXJjbGUxCzAJBgNVBAMMAkNBMB4XDTE2MDgwMzE1MDMy M1oXDTI2MDMwNDE1MDMyM1owPTELMAkGA1UEBhMCREUxEjAQBgNVBAoTCVNTT0Np cmNsZTEaMBgGA1UEAxMRaWRwLnNzb2NpcmNsZS5jb20wggEiMA0GCSqGSIb3DQEB AQUAA4IBDwAwggEKAoIBAQCAwWJyOYhYmWZF2TJvm1VyZccs3ZJ0TsNcoazr2pTW cY8WTRbIV9d06zYjngvWibyiylewGXcYONB106ZNUdNgrmFd5194Wsyx6bPvnjZE ERny9LOfuwQaqDYeKhI6c+veXApnOfsY26u9Lqb9sga9JnCkUGRaoVrAVM3yfghv /Cg/QEg+I6SVES75tKdcLDTt/FwmAYDEBV8l52bcMDNF+JWtAuetI9/dWCBe9VTC asAr2Fxw1ZYTAiqGI9sW4kWS2ApedbqsgH3qqMlPA7tg9iKy8Yw/deEn0qQIx8Gl VnQFpDgzG9k+jwBoebAYfGvMcO/BDXD2pbWTN+DvbURlAgMBAAGjezB5MAkGA1Ud EwQCMAAwLAYJYIZIAYb4QgENBB8WHU9wZW5TU0wgR2VuZXJhdGVkIENlcnRpZmlj YXRlMB0GA1UdDgQWBBQhAmCewE7aonAvyJfjImCRZDtccTAfBgNVHSMEGDAWgBTA 1nEA+0za6ppLItkOX5yEp8cQaTANBgkqhkiG9w0BAQsFAAOCAgEAAhC5/WsF9ztJ Hgo+x9KV9bqVS0MmsgpG26yOAqFYwOSPmUuYmJmHgmKGjKrj1fdCINtzcBHFFBC1 maGJ33lMk2bM2THx22/O93f4RFnFab7t23jRFcF0amQUOsDvltfJw7XCal8JdgPU g6TNC4Fy9XYv0OAHc3oDp3vl1Yj8/1qBg6Rc39kehmD5v8SKYmpE7yFKxDF1ol9D KDG/LvClSvnuVP0b4BWdBAA9aJSFtdNGgEvpEUqGkJ1osLVqCMvSYsUtHmapaX3h iM9RbX38jsSgsl44Rar5Ioc7KXOOZFGfEKyyUqucYpjWCOXJELAVAzp7XTvA2q55 u31hO0w8Yx4uEQKlmxDuZmxpMz4EWARyjHSAuDKEW1RJvUr6+5uA9qeOKxLiKN1j o6eWAcl6Wr9MreXR9kFpS6kHllfdVSrJES4ST0uh1Jp4EYgmiyMmFCbUpKXifpsN WCLDenE3hllF0+q3wIdu+4P82RIM71n7qVgnDnK29wnLhHDat9rkC62CIbonpkVY mnReX0jze+7twRanJOMCJ+lFg16BDvBcG8u0n/wIDkHHitBI7bU1k6c6DydLQ+69 h8SCo6sO9YuD+/3xAGKad4ImZ6vTwlB4zDCpu6YgQWocWRXE+VkOb+RBfvP755PU aLfL63AFVlpOnEpIio5++UjNJRuPuAA=
</ds:X509Certificate>
</ds:X509Data>
</ds:KeyInfo>
<EncryptionMethod Algorithm="http://www.w3.org/2001/04/xmlenc#aes128-cbc">
<xenc:KeySize xmlns:xenc="http://www.w3.org/2001/04/xmlenc#">128</xenc:KeySize>
</EncryptionMethod>
</KeyDescriptor>
<ArtifactResolutionService index="0" isDefault="true" Binding="urn:oasis:names:tc:SAML:2.0:bindings:SOAP" Location="https://idp.ssocircle.com:443/sso/ArtifactResolver/metaAlias/publicidp"/>
<SingleLogoutService Binding="urn:oasis:names:tc:SAML:2.0:bindings:HTTP-Redirect" Location="https://idp.ssocircle.com:443/sso/IDPSloRedirect/metaAlias/publicidp" ResponseLocation="https://idp.ssocircle.com:443/sso/IDPSloRedirect/metaAlias/publicidp"/>
<SingleLogoutService Binding="urn:oasis:names:tc:SAML:2.0:bindings:HTTP-POST" Location="https://idp.ssocircle.com:443/sso/IDPSloPost/metaAlias/publicidp" ResponseLocation="https://idp.ssocircle.com:443/sso/IDPSloPost/metaAlias/publicidp"/>
<SingleLogoutService Binding="urn:oasis:names:tc:SAML:2.0:bindings:SOAP" Location="https://idp.ssocircle.com:443/sso/IDPSloSoap/metaAlias/publicidp"/>
<ManageNameIDService Binding="urn:oasis:names:tc:SAML:2.0:bindings:HTTP-Redirect" Location="https://idp.ssocircle.com:443/sso/IDPMniRedirect/metaAlias/publicidp" ResponseLocation="https://idp.ssocircle.com:443/sso/IDPMniRedirect/metaAlias/publicidp"/>
<ManageNameIDService Binding="urn:oasis:names:tc:SAML:2.0:bindings:HTTP-POST" Location="https://idp.ssocircle.com:443/sso/IDPMniPOST/metaAlias/publicidp" ResponseLocation="https://idp.ssocircle.com:443/sso/IDPMniPOST/metaAlias/publicidp"/>
<ManageNameIDService Binding="urn:oasis:names:tc:SAML:2.0:bindings:SOAP" Location="https://idp.ssocircle.com:443/sso/IDPMniSoap/metaAlias/publicidp"/>
<NameIDFormat>
urn:oasis:names:tc:SAML:2.0:nameid-format:persistent
</NameIDFormat>
<NameIDFormat>
urn:oasis:names:tc:SAML:2.0:nameid-format:transient
</NameIDFormat>
<NameIDFormat>
urn:oasis:names:tc:SAML:1.1:nameid-format:unspecified
</NameIDFormat>
<NameIDFormat>
urn:oasis:names:tc:SAML:1.1:nameid-format:emailAddress
</NameIDFormat>
<NameIDFormat>urn:oasis:names:tc:SAML:2.0:nameid-format:kerberos</NameIDFormat>
<SingleSignOnService Binding="urn:oasis:names:tc:SAML:2.0:bindings:HTTP-Redirect" Location="https://idp.ssocircle.com:443/sso/SSORedirect/metaAlias/publicidp"/>
<SingleSignOnService Binding="urn:oasis:names:tc:SAML:2.0:bindings:HTTP-POST" Location="https://idp.ssocircle.com:443/sso/SSOPOST/metaAlias/publicidp"/>
<SingleSignOnService Binding="urn:oasis:names:tc:SAML:2.0:bindings:SOAP" Location="https://idp.ssocircle.com:443/sso/SSOSoap/metaAlias/publicidp"/>
<NameIDMappingService Binding="urn:oasis:names:tc:SAML:2.0:bindings:SOAP" Location="https://idp.ssocircle.com:443/sso/NIMSoap/metaAlias/publicidp"/>
</IDPSSODescriptor>
</EntityDescriptor>